Filename,Prediction
0021e90e4.png,weed
003d61042.png,weed
007b3da8b.png,non weed
0086a6340.png,weed
00c47e980.png,non weed
00d090cde.png,weed
00ef713a8.png,weed
01291174f.png,weed
026716f9b.png,weed
02cfeb38d.png,weed
03566743d.png,weed
03a2ee656.png,weed
03e322a29.png,non weed
03ef36742.png,weed
043449b0b.png,non weed
0437393b1.png,weed
04814f36d.png,weed
05341a8a6.png,weed
060450d79.png,weed
060f1dc84.png,weed
0625f063b.png,weed
063363305.png,weed
06d12f6fa.png,weed
071cb3ece.png,non weed
0751c0bbc.png,non weed
07e62f903.png,non weed
085974290.png,weed
0885e7690.png,weed
089ad62a7.png,weed
08d591441.png,non weed
0911d3dee.png,weed
099b961ec.png,weed
0a64e3e6c.png,weed
0ad9e7dfb.png,non weed
0ae6668fa.png,weed
0bf7bfb05.png,weed
0c27cf05f.png,weed
0c4199daa.png,weed
0c45ace27.png,weed
0c51bf229.png,non weed
0c5f6c493.png,weed
0caeda5df.png,weed
0d117d910.png,weed
0d31e6602.png,weed
0dba99002.png,non weed
0e8492cb1.png,non weed
0ebf8f2f4.png,non weed
0ee4ad224.png,weed
0f6cbe5e8.png,non weed
0fb233ad6.png,weed
115f93ecc.png,weed
116b136de.png,non weed
1191ba346.png,weed
11d3f68ff.png,weed
122913909.png,non weed
12625488b.png,weed
126a71ce0.png,weed
1312065a5.png,weed
1364b297a.png,weed
1376f3b63.png,weed
13b9fa92d.png,non weed
1459e96a0.png,weed
148bbda66.png,weed
14bb43eee.png,non weed
1541bdb2e.png,non weed
1623fb9e1.png,weed
16357b436.png,weed
16467a950.png,weed
165681fd9.png,weed
1694a70e4.png,weed
16fd2e01a.png,weed
172f9b10b.png,weed
17529c555.png,weed
1758a1baf.png,weed
177d7e2a4.png,weed
17a78fb44.png,non weed
17d5e5ac4.png,weed
1821eb11a.png,weed
187668bde.png,weed
1926e82fd.png,weed
19618ad6a.png,non weed
19b51843a.png,weed
19e58cc5e.png,weed
19fdf19fb.png,non weed
1b490196c.png,weed
1b6a6494d.png,non weed
1be0713da.png,weed
1bf9b94a6.png,weed
1c52ea820.png,weed
1c680883c.png,weed
1cfd91582.png,weed
1d0cbd819.png,weed
1d321253f.png,weed
1d48b7564.png,weed
1d56351b2.png,weed
1dc7c45df.png,weed
1e095a7e1.png,weed
1f290e016.png,weed
1f3f44563.png,non weed
1f5e5554e.png,weed
1fefb54b7.png,weed
205df1df3.png,weed
20817c846.png,weed
20e562fd5.png,non weed
20ea96bcc.png,weed
20f983a71.png,weed
2126dc71b.png,weed
219fd68d5.png,weed
223e4af09.png,weed
22e79540f.png,weed
22fbf13d6.png,weed
239bdf640.png,weed
23bc8ec4f.png,weed
23e480e64.png,weed
2406d6c99.png,weed
241e6935a.png,non weed
248436078.png,weed
24a058589.png,weed
24c94a6ca.png,non weed
24d36c52c.png,weed
24d78df74.png,weed
24dbc3b21.png,non weed
258b1183c.png,weed
25a4c427e.png,weed
25cf6eb73.png,non weed
25fa8d109.png,non weed
26852751a.png,weed
2693e5c65.png,non weed
26e7ae885.png,weed
270b939cf.png,weed
279df95f2.png,non weed
288564c76.png,non weed
29bab7cad.png,weed
29ce426a1.png,weed
29f49cd0b.png,weed
2a5064f19.png,non weed
2a667e099.png,weed
2b55a2da2.png,weed
2bd74d2da.png,weed
2d5058a59.png,weed
2d992d1fb.png,weed
2d9c798f9.png,weed
2dd5cfba9.png,weed
2df78338c.png,weed
2e86f1085.png,weed
2ea664465.png,non weed
2f0004a7f.png,non weed
2f246d688.png,weed
2ff5cb348.png,non weed
30ad31220.png,weed
3185294c8.png,weed
31f3dd81f.png,weed
31fcdc161.png,non weed
3281183f9.png,weed
32a8c8a1d.png,weed
32b42c120.png,weed
32c86784b.png,weed
33317fc2a.png,weed
33448fe39.png,weed
33748968f.png,weed
338c7e907.png,weed
34dd57ca9.png,weed
3526b05cc.png,weed
35a90f8d0.png,weed
35cf9fa01.png,weed
35ebe165c.png,weed
36839d5e9.png,weed
36d62bf36.png,non weed
36ed4f215.png,weed
37297a64c.png,weed
37714071b.png,weed
377283a21.png,non weed
37c3108d6.png,weed
37e545a60.png,weed
3827436f3.png,weed
38c054379.png,weed
391dcd7fd.png,weed
39858776a.png,weed
39b740f7e.png,weed
39c8fde99.png,weed
39d569be4.png,weed
3a909ead8.png,weed
3abb502fb.png,weed
3b73c3b61.png,weed
3bbef3ecb.png,weed
3d38a87bc.png,weed
3d65168c2.png,weed
3d67c434b.png,weed
3da774107.png,weed
3dd52bd2a.png,weed
3e9f41817.png,weed
3ebbe9ca4.png,weed
3eda9cbb6.png,weed
3edf5e9ef.png,weed
3eebd36c6.png,weed
3efa1f66c.png,weed
3f64c2c1b.png,non weed
3f826b318.png,weed
3f92d8039.png,weed
3fbd0fc6a.png,weed
3fbf1a417.png,weed
4049a6ea6.png,weed
406162ef9.png,weed
406ecb5c5.png,weed
410e6f702.png,weed
41e07778c.png,weed
41f1c3cdb.png,weed
4287d810c.png,weed
429211ee6.png,weed
42e7ed442.png,weed
4392d93cf.png,weed
43ede9de9.png,weed
444473900.png,weed
446f7da01.png,weed
44e8b8833.png,weed
456d507c0.png,weed
466bb6d3b.png,non weed
46c14fde2.png,weed
47b7d8e17.png,weed
47f9e5d91.png,weed
48231e475.png,weed
4823c3ffa.png,weed
486e59179.png,weed
48d97c645.png,weed
48ef6a2ff.png,non weed
490c4f9c8.png,weed
4a337a4a9.png,weed
4ac29bbf0.png,weed
4b032563b.png,weed
4b155fb07.png,non weed
4bbf1f6ea.png,weed
4bbfd1e05.png,weed
4bcdaa5e2.png,weed
4c5ab9b68.png,weed
4c7838de4.png,weed
4c8005bbc.png,weed
4e1190d78.png,weed
4e18ab737.png,weed
4e69d100a.png,weed
4e9d3765f.png,weed
4ea7493d5.png,non weed
4f44ca525.png,weed
4f83143e1.png,non weed
502dff972.png,weed
506347cfe.png,weed
50de8a115.png,weed
521b27a17.png,weed
523e5505c.png,weed
5296835a0.png,weed
52a87abe5.png,weed
52dc7a4d6.png,weed
5315c2dca.png,weed
534e74d83.png,non weed
539961189.png,weed
53ceb4657.png,weed
53e6e9000.png,non weed
54b3afd58.png,weed
54c8bb900.png,weed
550a8b7e6.png,weed
55251925f.png,weed
558aa7deb.png,weed
55920f07f.png,non weed
55a852f40.png,weed
55fed435f.png,non weed
56112b92c.png,weed
56a01b835.png,weed
5779fe8b4.png,weed
5817b766d.png,weed
5883b423d.png,weed
589e643b8.png,weed
590f5aea6.png,weed
592473c83.png,weed
592cc5b89.png,weed
59358cd44.png,weed
593896f83.png,weed
599691cd9.png,weed
599c82eea.png,weed
59b2c6f2b.png,weed
59c6a9f95.png,weed
59e1cea8d.png,weed
59f62ad1d.png,weed
5a38ac566.png,weed
5a6bf96f6.png,non weed
5af1d74ee.png,non weed
5b3000b9a.png,non weed
5b3beec58.png,weed
5b63dcc21.png,weed
5bbc0a255.png,weed
5bc6595f6.png,non weed
5bd71f445.png,weed
5bdcfa329.png,weed
5c3cd7ea2.png,weed
5ca0205f9.png,weed
5ca2687a4.png,non weed
5dcad9a53.png,weed
5e6a237f2.png,non weed
5eb9c26a6.png,weed
5ee9d0a5b.png,weed
5f04aed97.png,weed
6049234e6.png,weed
604dd663f.png,weed
606647f64.png,weed
60ee66ddd.png,weed
60f0bc617.png,weed
60fea2ef6.png,non weed
615d2b0a9.png,non weed
618de3d7a.png,weed
61b044411.png,weed
61dd2cdc5.png,non weed
632156793.png,weed
63c07d340.png,non weed
647689543.png,weed
64fe8beb9.png,weed
653193c1a.png,non weed
65489944f.png,weed
659412b1a.png,weed
65d08b894.png,weed
65e262a6d.png,weed
65e97117e.png,weed
664194d19.png,weed
6680836dd.png,non weed
668c1007c.png,weed
66ab0e8d0.png,weed
675ec1b0b.png,weed
67ce3eaa6.png,weed
67e185673.png,weed
686dc7ec8.png,weed
6908fb540.png,non weed
6982a9d30.png,weed
699d3c707.png,non weed
69d1669f8.png,weed
6a41bf95b.png,weed
6a47821f9.png,weed
6b721f68e.png,weed
6b9d6f8c9.png,non weed
6ba4ef411.png,weed
6bce55e05.png,weed
6be169e41.png,weed
6c874918c.png,weed
6d6eb3830.png,weed
6da892be6.png,weed
6db684fff.png,weed
6dd095129.png,weed
6df8e31ea.png,weed
6edb96d45.png,weed
6edc76e7c.png,weed
711b46fba.png,weed
71334c634.png,non weed
71b232519.png,weed
71e73a8a0.png,non weed
71f5323c5.png,weed
721b2c47a.png,weed
721be0a4a.png,weed
728eabae1.png,weed
73260a4ee.png,weed
74068643d.png,weed
74d810f87.png,weed
74fd477eb.png,weed
7506c0c02.png,weed
752101fdf.png,weed
754b1adf8.png,weed
756dd5070.png,weed
75cb95e91.png,weed
7615e52d3.png,weed
76555b064.png,weed
7691014a1.png,weed
7696badea.png,weed
76dbd1054.png,weed
770a265f5.png,weed
77ccb8b2a.png,weed
780bd2a2c.png,non weed
780defa2e.png,weed
785a73ab8.png,weed
78750e0ff.png,weed
78b1bf91a.png,non weed
78c5fba1d.png,non weed
79d93bc96.png,weed
79dafec17.png,weed
79e5ea8fa.png,non weed
79fba50db.png,weed
7a38416be.png,weed
7b21ba6ba.png,weed
7b52585da.png,weed
7beb2766f.png,weed
7c85b0265.png,weed
7cabd68cc.png,weed
7d22abf91.png,weed
7d3045fc3.png,non weed
7d4cd07ad.png,weed
7e9cf1c46.png,weed
7f31c7f42.png,weed
7f46a71db.png,non weed
7f9e9565d.png,weed
7fdb7202d.png,weed
800a8c17e.png,weed
808578ed5.png,weed
808cf55c6.png,weed
809eb0b82.png,weed
80e299ae9.png,weed
8104422bb.png,weed
8170d33c1.png,non weed
824f5d4e5.png,non weed
827279bad.png,weed
82b5f4d33.png,weed
8301b0547.png,weed
8303b27ed.png,weed
8311740de.png,weed
835dc5447.png,weed
837ac0270.png,weed
8455169fe.png,non weed
851c90831.png,weed
85431c075.png,weed
855955aaf.png,weed
856f2910a.png,weed
8585f9718.png,weed
862b8e7a0.png,non weed
86676d627.png,weed
866be78b0.png,weed
86c309150.png,non weed
86f08e6d1.png,weed
87608f7aa.png,weed
87f627bf9.png,weed
8874bba69.png,weed
88ac6df54.png,weed
88d8a4508.png,non weed
8916793ce.png,weed
892e9d6c6.png,weed
897e5a8de.png,weed
8a30b2de3.png,non weed
8a32d0bfa.png,weed
8a4d3a1b1.png,weed
8a8d6c712.png,weed
8ab8a958b.png,weed
8b043093d.png,weed
8b27bfd2b.png,weed
8b9144917.png,weed
8bc0261c9.png,weed
8c98a6e9b.png,weed
8c9953903.png,weed
8ca6140ca.png,weed
8cf2e3e6c.png,weed
8cf909eb3.png,weed
8cfd98117.png,weed
8d6991365.png,weed
8d6acbe9b.png,weed
8db450ce3.png,weed
8dbb8e1b9.png,weed
8e29abce1.png,weed
8e2e5604e.png,non weed
8e3ed0a25.png,weed
8e4eaeec0.png,weed
8e6ec1ca6.png,weed
8ece6efec.png,weed
8f523520c.png,weed
8faadb6a8.png,non weed
90b595f12.png,weed
90d119d25.png,weed
91e469b4a.png,weed
92292055d.png,weed
93079d970.png,non weed
9326bda1b.png,weed
93d76fd5d.png,weed
948cdb277.png,weed
9516e56c4.png,weed
953496deb.png,weed
958bb9e96.png,weed
963544aa0.png,weed
9643fc5f4.png,weed
966ae5ad9.png,weed
969a851be.png,weed
96ecad7a1.png,weed
96f14d90c.png,non weed
974959ec1.png,non weed
976e4e079.png,weed
97844bfd5.png,weed
97b2f0a10.png,weed
98062cd87.png,weed
98d819587.png,weed
98da6ef4e.png,weed
99036c51d.png,weed
99569b224.png,non weed
995c7ab1e.png,non weed
9a3f20121.png,weed
9aa5587fe.png,weed
9b4800b42.png,weed
9b9911f20.png,weed
9baf94467.png,non weed
9c0c5b731.png,weed
9c32a797e.png,non weed
9c777333d.png,weed
9c8b08a24.png,weed
9cce7328c.png,weed
9d3cb4745.png,non weed
9d79a1f0c.png,weed
9df3275da.png,weed
9fab816f2.png,weed
a006a475c.png,weed
a060c1cf8.png,non weed
a0b393945.png,weed
a0f37c726.png,weed
a169b71e7.png,weed
a19c3faca.png,weed
a1da8be3c.png,non weed
a1e0a6c02.png,weed
a254d71f6.png,weed
a276c65f7.png,weed
a2b703e21.png,weed
a2c89c367.png,weed
a2d25b4f3.png,weed
a35fd6fbb.png,weed
a38b8a581.png,weed
a3b375b34.png,weed
a3d0031fd.png,weed
a4b61a4ea.png,weed
a544fc46d.png,weed
a55d26a4c.png,weed
a5db42f7d.png,non weed
a74bf916d.png,weed
a74d475c2.png,weed
a7bd7cadb.png,weed
a800caead.png,non weed
a83820a2c.png,non weed
a8388a37f.png,weed
a85b48a95.png,weed
a85fc8c9a.png,weed
a890ac088.png,weed
a8b431a3e.png,non weed
a8c8a1db0.png,weed
a8da9c08d.png,weed
a8de7c1b7.png,weed
a935ca110.png,weed
a93f940d6.png,weed
a9d2eab61.png,weed
aa7d098d1.png,weed
aad8375e0.png,weed
aaf4da98f.png,non weed
ab0f67743.png,weed
ab35453cb.png,weed
abc331628.png,non weed
abf8b0772.png,weed
ac3193f78.png,weed
ac75d3326.png,weed
acdb75e00.png,weed
ace8761dd.png,weed
ad12382d4.png,weed
adb7a032c.png,weed
ae90f2827.png,weed
aecfaed64.png,weed
aee6fa3df.png,weed
af45e222a.png,weed
afa446484.png,weed
afcf6abd5.png,weed
b026bf8ca.png,weed
b03397525.png,weed
b0acaff4a.png,weed
b130a0632.png,weed
b145ba9d4.png,weed
b1cd2a91e.png,weed
b215531dd.png,weed
b2706e2b3.png,non weed
b29339405.png,weed
b30ab4659.png,weed
b31292706.png,weed
b341d0aab.png,weed
b39c71707.png,non weed
b3d6fdb80.png,weed
b3e08b037.png,weed
b47691c08.png,weed
b4c3df835.png,weed
b4f7c9214.png,weed
b573b7a56.png,weed
b5c7fd009.png,weed
b62dca166.png,weed
b687160f5.png,weed
b6a3f7876.png,weed
b6f3d8b5d.png,weed
b7192c70f.png,non weed
b7a7f6390.png,weed
b7ad92859.png,weed
b828443ff.png,non weed
b9062c1c8.png,non weed
b944a49ca.png,weed
b98327bf4.png,weed
ba3ce6b3e.png,weed
bb1c84bbc.png,weed
bb1d1bfd3.png,weed
bb20fce02.png,weed
bb64660b7.png,non weed
bb7621cb3.png,weed
bd72d4d8a.png,weed
bd789d151.png,weed
bdde957ec.png,weed
be2499cf4.png,weed
be341dbdc.png,weed
bea23d9f8.png,weed
bebcaab66.png,weed
beebe5f4e.png,weed
bf3924a57.png,weed
bf66b9cd2.png,non weed
bfab3e3d0.png,non weed
bffc08672.png,weed
c0461776c.png,weed
c069fc3fa.png,weed
c06e7c748.png,weed
c0bc3997b.png,weed
c0d9e170b.png,weed
c0f5d9ac8.png,weed
c10ccbd82.png,weed
c10db7ae2.png,non weed
c1ecff98b.png,weed
c26ccf73c.png,weed
c2de6020a.png,weed
c35efa095.png,weed
c4ed8ed38.png,weed
c50335991.png,weed
c5078bac5.png,weed
c5e419015.png,weed
c5e88cd42.png,weed
c60e91e07.png,weed
c63da993b.png,non weed
c64370a72.png,non weed
c6b76307d.png,weed
c6c8d4ba0.png,weed
c7051c902.png,weed
c74c5b7fc.png,weed
c75a82234.png,weed
c7ae30f3a.png,weed
c7b07431e.png,weed
c7eb96871.png,non weed
c832e4302.png,weed
c85ef220d.png,weed
c88ebfb47.png,weed
c8f50f0c3.png,non weed
caa2fbd79.png,weed
cadab6616.png,weed
cae684f8f.png,weed
cb496f36e.png,weed
cb76a7766.png,weed
cbba27d89.png,non weed
cbe761896.png,weed
cc3d2a59a.png,non weed
cc74feadc.png,weed
cd5f0db1c.png,weed
cd6adba97.png,weed
ce15eee52.png,weed
ce3d280eb.png,weed
ce42adffb.png,weed
cec5bf198.png,weed
cf3a8b2fd.png,weed
cf46d09c5.png,weed
cf90fc52d.png,non weed
cfb18d262.png,weed
cfd8165e9.png,weed
d0152bd7c.png,weed
d01873fdd.png,weed
d09275360.png,non weed
d09d24c58.png,weed
d0cdc768f.png,non weed
d102e1a15.png,weed
d14aa43f3.png,weed
d17f48d3b.png,weed
d2f0f326e.png,weed
d2f422ccb.png,weed
d2fd9df40.png,weed
d3331e071.png,weed
d350a25fa.png,weed
d41d87796.png,weed
d488a4fe1.png,non weed
d515398fd.png,weed
d563be369.png,weed
d5f7dd60a.png,weed
d668409ff.png,weed
d689256be.png,non weed
d6c8c3c48.png,weed
d6d31dcbe.png,weed
d6d80a321.png,weed
d7017f701.png,weed
d84d37a61.png,weed
d89db156f.png,weed
d8f4923f8.png,weed
d93c7ab6d.png,weed
d9c50616e.png,weed
da231c97f.png,weed
da4ed3a28.png,weed
da5255450.png,weed
da713c465.png,weed
da9ef7858.png,weed
dabe3e5be.png,weed
dabea05f4.png,weed
dc4cd56a3.png,weed
dc55449b2.png,non weed
dcd7ff249.png,weed
dce2f6612.png,weed
dd5ec63d9.png,non weed
dd9f36df7.png,weed
de0b79659.png,weed
df11d56a7.png,non weed
df521c0c0.png,weed
df7cb5f87.png,weed
dfb1d9012.png,weed
e0ec5b6a1.png,non weed
e14afa235.png,weed
e15472085.png,weed
e15fce4f2.png,weed
e1809cef2.png,weed
e19673dc9.png,weed
e19ad6ac9.png,weed
e1a0e3202.png,weed
e1abb4ff9.png,non weed
e3f50adfc.png,weed
e471f1d3a.png,weed
e478c452c.png,non weed
e4a76885b.png,non weed
e4d5ec761.png,weed
e5064f6be.png,non weed
e52493d0b.png,non weed
e5297b675.png,weed
e5368474f.png,weed
e5881dd33.png,weed
e5e3dccff.png,non weed
e6f1211a2.png,non weed
e7077322d.png,weed
e721c6ac8.png,weed
e73e308be.png,weed
e783f5a4f.png,non weed
e80a259c5.png,weed
e82017baa.png,weed
e84464f5a.png,weed
e88bf0db9.png,weed
e901b0f28.png,weed
e921021a8.png,weed
e96e57a90.png,weed
e98e5d1d5.png,weed
e9cd91682.png,weed
e9d48d664.png,weed
eaf0815e2.png,weed
ec08a5d56.png,weed
ede6b84b4.png,weed
edfdb4aeb.png,weed
eec1079a1.png,weed
eef131644.png,weed
ef02b4ee7.png,non weed
ef3e232ad.png,weed
ef65533d5.png,weed
ef74dbcad.png,weed
ef7a5651d.png,weed
ef9676433.png,weed
efe19dc32.png,weed
f0ffa00bd.png,non weed
f1e87cba7.png,weed
f1f7c833f.png,weed
f23faf9c1.png,weed
f25996db8.png,weed
f2dc546ca.png,weed
f33e9d918.png,weed
f351ce097.png,weed
f3fcfff1b.png,weed
f4021df6c.png,weed
f4234cf4f.png,weed
f445fe6fb.png,weed
f48916a8c.png,weed
f4ad9d950.png,non weed
f4caf74f9.png,weed
f4e7733d4.png,weed
f593c9cf0.png,non weed
f66ae4070.png,non weed
f6d250856.png,weed
f8318faf1.png,weed
f85ed9b6d.png,weed
f9b6bfb00.png,weed
f9ea23fb5.png,weed
f9f35cbd4.png,weed
fa5fd1384.png,weed
fa9f3a8f9.png,weed
fadc6adbc.png,weed
fb022edf9.png,weed
fba8fc78a.png,weed
fbf88b6be.png,weed
fc3e58836.png,weed
fc6f686fb.png,non weed
fd253a74e.png,weed
fd87b36ae.png,weed
fd925f542.png,weed
fda0b5c38.png,non weed
fda39e16f.png,weed
fdea6b119.png,weed
fe29629fb.png,weed
fe9e87b78.png,weed
fea1d13d6.png,weed
fea355851.png,weed
fea3da57c.png,non weed
fef2ade8c.png,non weed
ff65bc002.png,weed
ffc6f8527.png,non weed
